{"stat.chestOpened":15,"stat.killEntity.Bat":2,"stat.walkOneCm":5798780,"stat.useItem.minecraft.sticky_piston":98,"stat.recordPlayed":3,"stat.useItem.minecraft.lever":122,"stat.useItem.minecraft.repeater":2467,"stat.leaveGame":104,"stat.useItem.minecraft.gold_ore":5,"stat.jump":13348,"stat.fallOneCm":31790,"stat.useItem.minecraft.planks":6,"stat.useItem.minecraft.redstone":14731,"stat.crouchOneCm":74061,"stat.mineBlock.minecraft.wool":4,"stat.useItem.minecraft.redstone_torch":1,"stat.useItem.minecraft.dirt":326,"stat.useItem.minecraft.stone_button":18,"stat.sprintOneCm":1066634,"stat.useItem.minecraft.stone_slab2":23238,"stat.useItem.minecraft.redstone_ore":1829,"achievement.exploreAllBiomes":{"value":0,"progress":["Desert"]},"stat.useItem.minecraft.redstone_lamp":7,"achievement.openInventory":476,"stat.mineBlock.minecraft.redstone_torch":1,"stat.damageTaken":2970,"stat.useItem.minecraft.iron_ore":1,"stat.mobKills":3,"stat.flyOneCm":71937687,"stat.deaths":6,"stat.drop":50,"stat.playOneMinute":18346315,"stat.damageDealt":310,"stat.killEntity.Rabbit":1,"stat.useItem.minecraft.wool":3221,"stat.timeSinceDeath":7626888,"stat.useItem.minecraft.wooden_axe":1,"stat.useItem.minecraft.sign":175,"stat.useItem.minecraft.sandstone":5}